{
  "directory":
  [
    {
        "name" : "assets/jquery-form"
    },
    {
        "name" : "assets/toastr"
    },
    {
        "name" : "application/views/backend/superadmin/online_admission"
    },
    {
        "name" : "application/views/backend/admin/online_admission"
    }
  ],
  "sql_file": "",
  "files": [
    {
        "root_directory" : "update/update_7.4/application/views/backend/admin/online_admission/add.php",
        "update_director" : "application/views/backend/admin/online_admission/add.php"
    },
    {
        "root_directory" : "update/update_7.4/application/views/backend/admin/online_admission/index.php",
        "update_directory" : "application/views/backend/admin/online_admission/index.php"
    },
    {
        "root_directory" : "update/update_7.4/application/views/backend/admin/online_admission/list.php",
        "update_directory" : "application/views/backend/admin/online_admission/list.php"
    },
    {
        "root_directory" : "update/update_7.4/application/views/backend/superadmin/online_admission/add.php",
        "update_directory" : "application/views/backend/superadmin/online_admission/add.php"
    },
    {
        "root_directory" : "update/update_7.4/application/views/backend/superadmin/online_admission/index.php",
        "update_directory" : "application/views/backend/superadmin/online_admission/index.php"
    },
    {
        "root_directory" : "update/update_7.4/application/views/backend/superadmin/online_admission/list.php",
        "update_directory" : "application/views/backend/superadmin/online_admission/list.php"
    },
    {
        "root_directory" : "update/update_7.4/application/views/frontend/ultimate/online_admission.php",
        "update_directory" : "application/views/frontend/ultimate/online_admission.php"
    },
    {
        "root_directory" : "update/update_7.4/assets/jquery-form/jquery.form.min.js",
        "update_directory" : "assets/jquery-form/jquery.form.min.js"
    },
    {
        "root_directory" : "update/update_7.4/assets/jquery-form/jquery.form.min.js.map",
        "update_directory" : "assets/jquery-form/jquery.form.min.js.map"
    },
    {
        "root_directory" : "update/update_7.4/assets/toastr/toastr.js.map",
        "update_directory" : "assets/toastr/toastr.js.map"
    },
    {
        "root_directory" : "update/update_7.4/assets/toastr/toastr.min.js",
        "update_directory" : "assets/toastr/toastr.min.js"
    },
    {
        "root_directory" : "update/update_7.4/assets/toastr/toastr.min.css",
        "update_directory" : "assets/toastr/toastr.min.css"
    },
    {
        "root_directory" : "update/update_7.4/application/controllers/Admin.php",
        "update_directory" : "application/controllers/Admin.php"
    },
    {
        "root_directory" : "update/update_7.4/application/controllers/Home.php",
        "update_directory" : "application/controllers/Home.php"
    },
    {
        "root_directory" : "update/update_7.4/application/controllers/Login.php",
        "update_directory" : "application/controllers/Login.php"
    },
    {
        "root_directory" : "update/update_7.4/application/controllers/Student.php",
        "update_directory" : "application/controllers/Student.php"
    },
    {
        "root_directory" : "update/update_7.4/application/controllers/Superadmin.php",
        "update_directory" : "application/controllers/Superadmin.php"
    },
    {
        "root_directory" : "update/update_7.4/application/models/Crud_model.php",
        "update_directory" : "application/models/Crud_model.php"
    },
    {
        "root_directory" : "update/update_7.4/application/models/Email_model.php",
        "update_directory" : "application/models/Email_model.php"
    },
    {
        "root_directory" : "update/update_7.4/application/models/Frontend_model.php",
        "update_directory" : "application/models/Frontend_model.php"
    },
    {
        "root_directory" : "update/update_7.4/application/models/Settings_model.php",
        "update_directory" : "application/models/Settings_model.php"
    },
    {
        "root_directory" : "update/update_7.4/application/models/User_model.php",
        "update_directory" : "application/models/User_model.php"
    },
    {
        "root_directory" : "update/update_7.4/application/views/backend/admin/student/list.php",
        "update_directory" : "application/views/backend/admin/student/list.php"
    },
    {
        "root_directory" : "update/update_7.4/application/views/backend/admin/student/profile.php",
        "update_directory" : "application/views/backend/admin/student/profile.php"
    },
    {
        "root_directory" : "update/update_7.4/application/views/backend/admin/syllabus/create.php",
        "update_directory" : "application/views/backend/admin/syllabus/create.php"
    },
    {
        "root_directory" : "update/update_7.4/application/views/backend/admin/website_settings/gallery.php",
        "update_directory" : "application/views/backend/admin/website_settings/gallery.php"
    },
    {
        "root_directory" : "update/update_7.4/application/views/backend/header.php",
        "update_directory" : "application/views/backend/header.php"
    },
    {
        "root_directory" : "update/update_7.4/application/views/backend/modal.php",
        "update_directory" : "application/views/backend/modal.php"
    },
    {
        "root_directory" : "update/update_7.4/application/views/backend/navigation.php",
        "update_directory" : "application/views/backend/navigation.php"
    },
    {
        "root_directory" : "update/update_7.4/application/views/backend/superadmin/settings/smtp_settings.php",
        "update_directory" : "application/views/backend/superadmin/settings/smtp_settings.php"
    },
    {
        "root_directory" : "update/update_7.4/application/views/backend/superadmin/student/list.php",
        "update_directory" : "application/views/backend/superadmin/student/list.php"
    },
    {
        "root_directory" : "update/update_7.4/application/views/backend/superadmin/student/profile.php",
        "update_directory" : "application/views/backend/superadmin/student/profile.php"
    },
    {
        "root_directory" : "update/update_7.4/application/views/backend/superadmin/syllabus/create.php",
        "update_directory" : "application/views/backend/superadmin/syllabus/create.php"
    },
    {
        "root_directory" : "update/update_7.4/application/views/backend/superadmin/website_settings/gallery.php",
        "update_directory" : "application/views/backend/superadmin/website_settings/gallery.php"
    },
    {
        "root_directory" : "update/update_7.4/application/views/frontend/ultimate/home.php",
        "update_directory" : "application/views/frontend/ultimate/home.php"
    },
    {
        "root_directory" : "update/update_7.4/application/views/frontend/ultimate/javascripts.php",
        "update_directory" : "application/views/frontend/ultimate/javascripts.php"
    },
    {
        "root_directory" : "update/update_7.4/application/views/frontend/ultimate/navigation.php",
        "update_directory" : "application/views/frontend/ultimate/navigation.php"
    },
    {
        "root_directory" : "update/update_7.4/application/views/frontend/ultimate/stylesheets.php",
        "update_directory" : "application/views/frontend/ultimate/stylesheets.php"
    },
    {
        "root_directory" : "update/update_7.4/application/views/login.php",
        "update_directory" : "application/views/login.php"
    }

  ]
}